{"mse": 0.3910348709499074, "rmse": 0.6253278107919936, "mae": 0.38466103069149205, "r2": 0.9999560126903763}